{
  "data_hash": "c4fc0bba9772",
  "models": {
    "isolation_forest": {
      "precision": 0.04878048780487805,
      "recall": 0.2,
      "f1": 0.0784313725490196,
      "roc_auc": 0.7669060606060606,
      "pr_auc": 0.05895344139748072,
      "threshold": 0.5272178231423993,
      "n_flagged": 410,
      "n_true_fraud": 100
    },
    "xgboost": {
      "precision": 0.8472222222222222,
      "recall": 0.61,
      "f1": 0.7093023255813954,
      "roc_auc": 0.9429050505050506,
      "pr_auc": 0.671179710416455,
      "threshold": 0.8290780186653137,
      "n_flagged": 72,
      "n_true_fraud": 100
    },
    "autoencoder": {
      "precision": 0.4782608695652174,
      "recall": 0.33,
      "f1": 0.3905325443786982,
      "roc_auc": 0.8204858585858585,
      "pr_auc": 0.2766089486888985,
      "threshold": 0.16251718997955322,
      "n_flagged": 69,
      "n_true_fraud": 100
    }
  }
}