{
  "data_hash": "ea9901d167b8",
  "models": {
    "isolation_forest": {
      "precision": 0.2631578947368421,
      "recall": 0.30612244897959184,
      "f1": 0.2830188679245283,
      "roc_auc": 0.9550870749256372,
      "pr_auc": 0.1490439747719492,
      "threshold": 0.65028030661643,
      "n_flagged": 114,
      "n_true_fraud": 98
    },
    "xgboost": {
      "precision": 0.9411764705882353,
      "recall": 0.8163265306122449,
      "f1": 0.8743169398907104,
      "roc_auc": 0.9788308014539525,
      "pr_auc": 0.8770448226663042,
      "threshold": 0.88477623462677,
      "n_flagged": 85,
      "n_true_fraud": 98
    },
    "autoencoder": {
      "precision": 0.5104895104895105,
      "recall": 0.7448979591836735,
      "f1": 0.6058091286307054,
      "roc_auc": 0.957670216370172,
      "pr_auc": 0.5779647195120963,
      "threshold": 3.766234874725342,
      "n_flagged": 143,
      "n_true_fraud": 98
    }
  }
}